Sentences,Judges_classification
perfect place peaceful vacation,location
amazing location amazing property host best accommodate special requests,location
housekeeping awful,cleanliness
house dirty badly maintained,cleanliness
beach development heavy machinery working front,location
highly recommend anyone looking beautiful rejuvenating experience,location
location amazing,location
set slightly outside city latchi natural area private peaceful feel yet still close enough walk minutes main shops restaurants latchi,location
perfect spot want explore region including beaches like blue lagoon vineyard regions even nearby cities like polis neo chorio paphos,location
house beautiful huge,location
husband stayed several airbnbs cyprus definitely extravagant comfortable,facilities
home away home full kitchen laundry washer nicely landscaped yard pool much space house,facilities
bathrooms beautiful happy find hot water showers always case cyprus,location
loved eating breakfast balcony several,facilities
richards place little pampering end trip usually wouldnt spend much accommodation said ok everyonce dont pick accommodation private pool time,facilities
really good time enjoyed place area sense deserted sort impersonal space,location
guess especially lack kitchen supplies gave felling even salt pepper cupboard mention oil garbage bags,facilities
nice place cheap villa pool,facilities
fantastic value money small villa relaxed area great views,location
simple everything need enjoy area car,location
pool added bonus easy access latsi boat rides seafood akamas region adventure etc,facilities
highly recommended beautiful villa lovely area,location
quiet relaxing location,location
minute walk local restaurant bakery small shop bar watch beautiful sunset sea,location
house nice pool great,facilities
beach restaurants walking distance,location
enviroment nice quit unless unfortenate people renting house next make lot noice,location
well located accommodation pleasant swimming pool matter time day,facilities
autonomous arrival impeccable cleanliness accommodation,cleanliness
pool maintained regularly,cleanliness
owner asked us ok use nd bedroom bed broken gave us free wifi exceptable,facilities
week key holder enter apartment acceptable us agent said problem needed go second bedroom key locked wife went agent bed fully made looked fine,facilities
cleaning lot desired toastermicrowave cooker kettle cleaned us,cleanliness
bathroom cleaned properly mold round edges needs,cleanliness
paying euro cleaning,cleanliness
well equipped furniture kitchen utensils,facilities
location quiet residential area well maintained cared,cleanliness
ants bathroom,cleanliness
clean pool,facilities
area queit many tourists around,location
mandatory rented car since bars beach grocery quite far away,location
accommodation well located clean functional staff available time case concern,cleanliness
aphrodite villa great position right next coast outside latchi,location
main issue although areas aphrodite villa renovated still old singleglazed wooden shutters bad condition dont close properly many gaps peeling varnish rotten places,location
perfect excellent villa amazing location,location
great place first line beach,location
beautiful northern coast,location
beautiful house great location snd clean,cleanliness
excellent place stay wonderful clean well equipped villa amazing location beautiful pool short walk along beachfront wonderful restaurants,location
place vey close latchi beach harbor cozy suitable couples,facilities
lovely stay galateias apartment close marina beach well,location
exactly photos area great opposite sea taverns cafe suvenir shops,location
clean,cleanliness
good location,location
apartment nothing special really comfortable fully equipped,facilities
clean simple,cleanliness
house really great clean calm,cleanliness
lovely villa well situated quiet beautiful views easy access latchi surrounding coastline,location
wedding everything beautiful,location
beautiful place,location
definitely would reccomned apartment location caf downstairs ideal fresh coffeeand salads etc staff really friendly,cleanliness
location great waterworks boat hire mini cruises ypu must go blue lagoon possible,location
really nice apartment communal pool,facilities
beautiful surroundings akamas peninsula beach,location
great location easy walk harbour,location
pool lovely,facilities
clean linen towels,cleanliness
beaches good latchi,location
sylvia great host location ideal within walking distance harbour beaches nice restaurants,location
excellent apartment top block apartments stone throw marina central lachi short walk beaches restaurant,location
nice beach run east along walkway pull bars dips ur fitness orientated,location
communal pool seconds apartment,facilities
great spot cleanliness apartment spot,cleanliness
netflix wifi issues,facilities
lovely clean place friendly responsive host,cleanliness
comfortable clean matched description,cleanliness
close restaurants markets ocean,location
room clean everything need like utensils stuff,cleanliness
wifi connection also pretty good,facilities
thing location area full constructions noisy,location
flat clean nice,cleanliness
theres construction site near building didnt bother much,location
responsive pleasant owner housing course nuances general everything great owner responsive pleasant communication enough balcony terrace sunbeds pools roof easily compensated,facilities
outstanding stay kalecik excellent location great community excellent communication host,location
beach within walking distance one choose spend time pools,location
like walking trek hill great view sea town beyond,location
good location ground floor apartment right next pool,facilities
clean tidy plenty towels bedding,cleanliness
bar site,location
resort quiet far away crowd,location
gabrielas apartment clean everything needed,cleanliness
actually steps swimming pool,facilities
great place quiet coming area,location
recommend renting car area pretty far away season pretty much everything closed nearby,location
nice space clean,cleanliness
bed soft side towels bit thin,facilities
internet passable sometimes choppy,facilities
place truly felt like studio apt austin texas thanks flat nice clean overall except bed sheets towels requested replace experience good overall,facilities
arrived apartment smelled paint floors dirty paint white spots,cleanliness
bed linen dirty old soiled,cleanliness
air conditioner room couldnt sleep normally heat noise neighbors noisy area,location
balcony terrible see people lying sunbathing hotel,facilities
great spacious place perfect tblisi visit,facilities
view balcony best part,facilities
nice view amazing host recommended khatuna helpful,facilities
view fantastic expected,facilities
grumpy neighbors good stay easy find clean host really friendly helpful really good experience,cleanliness
perfect city view,facilities
location min walk things need,location
beach small grocery store restaurants bars,location
private quiet,location
surrounded ocean see sea,location
beautiful,location
clean house nice comfortable clean,cleanliness
pool nice nice temperature,facilities
part could better enjoyed house pool much,facilities
area wasnt nice expected,location
lot construction road sea bit complicated expected,location
also bit far dark dusty walk supermarket restaurants,location
car would nice,location
used kostas taxi lot go fig tree bay area beach,location
great apartment added park able sea apartment,location
pool courtyard nice cafe nearby,facilities
brilliant host quality villa nice clean excellent villa modern comfortable excellent relaxation entertainment cooking facilities,facilities
wifi good full g throughout villa,facilities
getting difficult location precise took us different area complex,location
amenities also good however couldve done items like toilet paper buy,facilities
pool terrace upstairs amazing,facilities
actual location villa great good views good community around,location
villa great location good,location
driving minutes beaches went problem,location
close metro large supermarket minute drive zorbas amazing bakery minute drive could walk,location
beautiful villa peaceful quiet area,location
closest beach minute walk water sports nearby,location
incredibly comfortable want express gratitude everything,facilities
one thing particularly appreciated often pool cleaned dedicated cleaning service,cleanliness
villa great good communication host definitely visit really clean everything need provided,cleanliness
nice outdoor areas enjoy great weather,facilities
recommend getting rental car quiet area bus stop shops restaurants beach bars within walking distance,location
thank much everything host interested alperen children enjoyed pool sea lot resort really beautiful visuals,location
house clean practical place vacation comfortably,cleanliness
however since apartment th floor prepared wait long lines busy periods due limited number elevators,cleanliness
also since pullout beds living room old uncomfortable think apartment suitable people stay,facilities
accommodation pleasant equipment beautiful view pure pole,facilities
place generally okay though need car commute,location
great place stay quiet location everything needed house,location
clean tidy,cleanliness
thank lovely perfectly situated mountain views,location
clean awesome environment,cleanliness
loved stay would come back without thinking enjoyed every bit place enjoyed every bit seaview great floor stayed facilities great apartment pretty good host asked pay security deposit mentioned listing generally airbnb policy,facilities
spacious terrace beautiful,location
also location amazing steps away beach,location
beautiful villa stunning location lovely property lots nice touches,location
sweet local cats quiet relaxing location,location
thank grateful michele fixed problems arrived hot water sewage full pumped poor equipment kitchen,facilities
location great know area booked purposely place needs renovation,location
pool foil floor walls dissolving,cleanliness
kitchen one pot missed handle pan scratched,facilities
terrace couches moldy cushions dirty partially ripped,cleanliness
pity liked property location,location
beach min walk away also beautiful,location
take walk like minutes reach shuttle buses,location
find kitchen equipments whatever need,facilities
location already used say excellent,location
issue sofa bed wasnt comfortable would liked back hurt bit clearly communicated listing didnt detract experience,facilities
despite fact construction happening front amazing view area gorgeous well appointed airbnb exceeded anywhere else stayed northern cyprus,location
new estate elegantly furnished interiors almost beach front one best properties rent around,location
newborn son aquamarine happy comfortable month,facilities
clean modern super pool escape glorious heat,facilities
great place sea,location
pity new houses built front house blocks beautiful sea view,facilities
one best stays great family friends everything clean swimming pool perfect,facilities
group friends great stay swimming pool garden bigger nicer seem pictures,facilities
spent marvellous week house children confortable well located beautiful pool,facilities
quiet neighborhood big house air conditioning every room always clean pool,facilities
place good location described brother family stayed abs really enjoyed,location
nice clean apartment situated idyllic location beautiful sea view surrounding mountains,facilities
wonderful location,location
things annoying electricity cuts failed internet times week always h time,facilities
helpful made stay stress free apartment clean advertised,cleanliness
everything photo apartment clean site amenities nice,facilities
valentina responded quickly every question asked recommend infinity pool staying especially wonderful experience sunset,facilities
valentina kind person tries help much help things written amenities almost hair dryer shampoo shower gel dish soap extra pillows blankets microwave oven toaster mak,facilities
dont car location hard go,location
house spacious good,facilities
pros cozy place well equipped,facilities
close sea,location
hotel construction front house quiet silent,location
location good close sea perfect bars beachfront,location
apartment indeed cozy everything needed comfort living,facilities
apartment clean cozy tiny highly functional,facilities
everything great comfortable stay,facilities
family enjoyed peaceful environment fully equipped home,facilities
great location would given starts basic items dish cloth pots bowls mugs great host excellent host valentina lovely host greeted us arrival,location
apartment lovely well equipped wellness basement lovely touch,facilities
advertised great views ocean,location
apartment directly beach see ocean every window apartment,location
rooms flat large roomy apartment right beach tennis courts near hand,location
accomodation perfect shown pictures located private household common pool adults one separated children,facilities
beach literally minutes walking apartment also lovely garden bbq loved ones,facilities
apartment beautiful clean,cleanliness
spacious comfortable,facilities
villa well equipped well located everything need relaxing break within walking distance,location
immaculately presented comfortable family,facilities
villa excellent easter vacation clean throughout close beach shops,location
great wifi signal youre coming uk travel adapters needed friend stayed nights flight landed late got bit lost still picked call helped us amazed villa matched pictures beautiful,location
excellent villa amenities would need family stay clean everything brand new,cleanliness
seemed good amazing stay villa ideal clean bits needed great comfortable stay,facilities
perfect location aswell,location
new apartment located lovely area,location
tidy checked even beautiful pictures,location
apartment essentials required make stay comfortable,facilities
bad host place brilliant great value money great location flat clean welcoming beds comfy shower great added bonuses icecream tea coffeeall flat great stay would recommend anyone,facilities
located great area close everything lovely pool also free sight parking,facilities
place great min walk beach although basic amenities provided toilet paper towel soap limited,facilities
nice villa amazing view get everything offered area villa awesome villa spacious plenty room family couple group friends traveling,facilities
views terrace amazing barely minute walk beach,location
couple restaurants within short walking distance definitely need vehicle get around,location
villa equipped things needed days could use repairsupgradesreplacing things nothing major would ruin holiday,facilities
great price great location everything need located resort,location
close beach lots pools super close restaurants gym,facilities
nice apartment clean great location restaurants lounges gym complex,facilities
short walk groceries,location
erdem apartment clean everything perfect,cleanliness
theres massive construction site outside balcony,facilities
pics showing balcony angled see sea reality theres hotel built right outside balcony prepared woken early every morning,facilities
also big resort theres better options cheaper better balcony view noise facing actual pools,facilities
cozy clean place stay suitable whole family group people convertible sofa well nice apts close playground pools nice fun holiday,location
days fixed internet still faulty afterwards,facilities
everything comfortable well thought,facilities
excellent accommodation option want stay close sea meters distance beach,location
one hand view sea hand mountains,location
found week long stay villa pleasant enough good location decent sized swimming pool good selection seating areas,facilities
lovely time location great,location
apparently pay owner cash day get remote control,location
speak rude man phone idea get remote told use fan,location
need add timers switches dont want waste energy taking remote away primitive,location
beautiful property nice view upstairs,facilities
much space relax pool,facilities
villa thalassa great location family holiday,location
house spacious comfortable,facilities
also plenty outdoor spaces relax dine including roof terrace fabulous views sea,location
property close beach plenty shops restaurants,location
pool great kids us adults location beach restaurants excellent,location
barbecue corner also cozy place enjoyed using,facilities
absolutely fell love place small cute everything could need travel around area time studio perfect requirements,location
good value location needed,location
lovely swimming pools sunbeds beach two minutes,location
sunrise beach restaurant site lovely residents friendly,location
room cleaned bathroom kitchen traces repair dust bathroom kitchen,facilities
kitchen furniture poor condition,facilities
also said wifi villa connection bad even connect phones,facilities
also many cats property know problem turkey cats would try steal food garden,facilities
also notification wifi got confusing excuses like wifi weak erdogan loved stay,facilities
great villa perfect space us pool lovely complex quiet really nice staff site good wifi wasnt working villa luckily roaming data,facilities
host accommodating baby organised things need,cleanliness
equipped need,facilities
view swimming pool fantastic day night,facilities
location close attractions specially ta car,location
think place stay next visit,location
first werent excited area walked around explored beaches surrounding liked,location
didnt get refunded us helped us good location friendly people,location
location excellent would definitely stay thank attentive hosts,location
hiccups ac responding remote close distance slat frame falling put back us still good value money,location
moment walked blown away pristine everything,location
room smelled like fresh breeze swept bathroom clean practically sparkled,cleanliness
made peaceful restful sleep despite heat outside,location
morning treated delicious breakfast left feeling satisfied ready take day,facilities
stay wasnt good expected many reasons bad hosting main advantage suits location,location
come beach minutes,location
also stay lounge beach area free sunbed live trend suits,location
bus station center close suits well,location
star location close beach,location
change towels daily bed made everyday,facilities
check away another building keep mind case lots bags,location
far beach well close alot nice restaurants,location
location quick walk konyaalti beach many restaurants bars,location
building residential neighbourhood quiet safe,location
pool always empty chilled morning coffee,facilities
victoria lovely house looked beautiful,location
great place stay welcoming host,cleanliness
property beautiful,location
victoria amazing host everything possible make us comfortable,facilities
well kept home recommended everyone,cleanliness
watch drugs swimming pool staff get paid manager,facilities
view outstanding ranks among best airbnb experiences ive ever,facilities
surroundings peaceful quiet location tbilisi prime close everything,location
apartment beautiful well located,location
host mamuka incredibly kind professional making sure everything order stay comfortable enjoyable,facilities
property beautiful wellmaintained amenities needed feel home,facilities
interior looks great everything comfortable cozy nice,facilities
perfect view terrace,facilities
beautifully designed place amazing location,location
dont even get started view bit trouble finding first host provided helpful instructions phone,facilities
place like photos rustic vibes appliances good quality balcony favorite part place,facilities
really enjoyed stay good location helpful host cool apartment definitely recommend perfect stay,location
apartment exactly described amenities,facilities
comfortable aesthetic interior located quiet yet central neighborhood,location
gorgeous apartment,location
balcony highlight,facilities
nice area close lots restaurants transport links,location
great apartments big comfortable inhouse stuff wonderful view city panoramic windows balcony,facilities
apartment clean interior beautifully designed view incredible,facilities
amenities available sound system bonus,facilities
amazing place beautiful view cozy apt wish could stay longer gia n amazing host also kindly agreed wash amazing panoramic windows additionally arrival,facilities
apartment clean comfortable easy achieve,facilities
great choice short stay tbilisi terrace highlight overall comfortable apartment,facilities
location affords easy walking access two bridges short strolls restaurants coffee shops groceries,facilities
great place great city view,facilities
great view terrace location convenient different areas,location
apartment cozy clean astonishing view big private terrace,facilities
mainly spent time beautiful terrace,facilities
definitely come back home next visit,location
nice apartment persons amazing view friendly staff,facilities
apartment includes conditions comfortable stay,facilities
easy find little bit far supermarkets activities right next ski slope,location
view nice well,facilities
cozy quiet place,facilities
necessary things clean view mountains bed,facilities
terraces wonderful offer commanding views city,location
apartment clean organised,cleanliness
comfortable tasteful amenities appliances,facilities
location great,location
central,location
best view city night day,facilities
wonderful place couldnt ask cooler location,location
cozy homely makes place incredible view,facilities
view living room roof terrace world,facilities
apartment huge full beautiful antiques gorgeous indoor plants,location
beds comfortable,facilities
apartment located top hill stairs steeps roads walk,location
super location gorgeous views great contact host,location
cannot find better view old tbilisi call home stay city,facilities
wonderful comfortable home close church,location
best location ask mtskheta,location
second floor ketis home pretty much self contained place balcony kitchen bathroom,cleanliness
really nice private piece semidetected house comfortable cozy,facilities
terrace great view,facilities
great place stay excellent location,location
host helpful responsive place comfortable us,facilities
great location minutes church great restaurants,location
beautiful apartment amazing penthouse apartment magnificent view narikala fortress central tbilsisi,location
loved balcony could sit enjoying views,location
view incredible sides spacious duplex always fun able look upper floors location cant beat heart old city tamara responsive host could imagine,location
incredible views directions,location
penthouse spacious clean memorable,cleanliness
perfect location right sulfur baths close restaurants shops sites,location
especially loved relaxing balcony morning long day exploring tbilisi,facilities
tamara welcoming kind helpful,cleanliness
star would given barbara came week family perfect location walks around town,location
perfectly located city centre provides easy access local attractions,location
terrace offers stunning views cityscape making every morning coffee evening drink memorable experience,facilities
despite bustling location impressively quiet offering peaceful restful nights,location
barbara host warm welcoming providing local tips ensuring comfortable stay,facilities
love barbara sooooo helpful answers immediately didnt need anything cause everything provided fully equipped home modern clean,cleanliness
joined fit club gym rooftop pool opposite side rustaveli explored local restaurants bars within walking distance asian fusion radisson wine cellar browns bar klikes khinkali cone culture uli amazing croissantwaffle dessert,location
apartment mins funicular see stunning view city although view balcony pretty amazing,facilities
second time staying returned barbaras place terrace fantastic view city,facilities
bed comfortable everything need stay,facilities
great location,location
apartment absolutely beautiful tastefully decorated,location
also worth noting tastefully decorated apartment delightful beautiful apartment,location
spacious rooms clean large bathroom,cleanliness
area prime lots restaurants wine shops etc,location
great apartment location lovely apartment,location
compfy beds clean cozy enjoyed stay apartment spacious well decorated need missing hand towels promptly provided upon request,facilities
lovely cozy apartment new gudauri located valley highway get,location
view balcony apartment marvelous literally feel beauty caucasus region,facilities
awesome appartment great view balcony,facilities
apartment described great view mountain range location relatively close restaurants supermarkets ski rentals lifts,location
place spotless since walked everything ready prior arrival,cleanliness
view breathtaking great pictures chilled evening watch sunset,facilities
clean modern beautiful appartment access easy place lovely clean warm stay winter,cleanliness
youll definitely love amazing beautiful view balcony,facilities
nice booked apartment close ski area,location
amazing place stylish luxury new,facilities
lots space inside several amenities,facilities
beds comfortable jacuzzi great views cities landmark,location
also clean,cleanliness
located front grocery store minute walk away coffee shop bakery,facilities
stunning views city,location
beautiful comfortable apartment,facilities
everything good april weather still cold windows clean,cleanliness
view beautiful night,location
great stay perfect view amazing place,facilities
breathtaking views,location
perfect amazing best recommended nice apartment clean comfortable great view,facilities
location apartment perfect first time tbilisi,location
close everything,location
enjoyed terrasse lot amazing view,facilities
terrasse gorgeous offers view dream everything clean nicely decorated,cleanliness
even piano tuned excellent location great space good host,location
short stay would great long stay nice kitchen everything need comfortable,facilities
easy check enjoyed view terrace,facilities
short walk many restaurants old town,location
nice apartment great location,location
location perfect patio best partwhen weather nice,location
view incredible,facilities
flat really big spacious,facilities
th floor walk dont mind walking stairs shouldnt problem,location
also location flat top hill many hills tbilisi,location
located top hill means view much better,facilities
great view deck,facilities
functional kitchen,facilities
view deck incredible treat wake every day,facilities
location great super walkable close everything metro stop away old town,location
great location nice view host helpful,facilities
beautiful view,facilities
th floor using stairs option,cleanliness
water floor heat went time required resetting times every time,cleanliness
well view terrace described previous guests,facilities
inside well stocked comfortable place kitchenware glasses towels detergent dishwasher pods nothing worry move enjoy time tbilisi dont run around wasting time,facilities
home like feeling cozy comfortable,facilities
warm floors cold weather fireplace jacuzzi everything working order,facilities
simply loved place loved anastasia warm welcoming constant checking us ready assist needs,cleanliness
nice city view clean room friendly host,cleanliness
maybe location high youre trained enough view worth,facilities
nice beautiful place stay great,location
want airbnb amazing view huge terrace center good air conditioning clean definitely get place,cleanliness
well natia family super friendly helpful great place location host super friendly feels like home super clean good value,cleanliness
location close one major avenues although steep walk make sure youre comfortable,facilities
walk lot still bit tired getting hill day,location
bed comfortable wifi good,facilities
great location responsive host,location
apartment clean well maintained,cleanliness
kitchen necessary supplies,facilities
liked much everything super clean location perfect skiing adventures,location
amazing view amazing place stay kazbegi area perfect summer winter,location
stay little baby comfortable,facilities
comfortable clean place nice view gudauri,facilities
perfect apartment good location,location
modern new everything stay comfortable,facilities
amazing view quite,facilities
felt lucky book place nights made stay gudauri comfortable peaceful,location
place everything might need best view balcony right front best restaurant gudauri,facilities
sad leave actually cant wait go back qetis apartment well located easy access one ski slopes,location
beautiful clean apartment,cleanliness
cozy great location right next first slope chairlift,location
even got us second table took care good internet provider could work home digital nomads best possible way,facilities
apartment nice authentic location,location
old town minute walk away,location
parking available right front door outside private parking,location
apartment th floor elevator great view,facilities
whole apartment new bed comfortable sofa even netflix,facilities
kitchen new well maintained fridge freezer oven bathroom,cleanliness
felt comfortable would like return,facilities
location far center walk historic center half hour along promenade,location
thanks location air cleaner areas tbilisi,location
good location near city centre,location
good apartment comfortable place beautiful view large balcony,facilities
everything need already inside air conditioning hair blower fast internet,facilities
old city minute walk min drive taxy,location
nice apartment lots light close center,location
view terrace amazing good location friendly owner highly recommend wish stay family,location
lovely apartment amazing view city river,facilities
shown photos thanks xatuna hospitality apartment good good view little bit cold,facilities
better written never regret really good house amazing location fantastic balcony view nice home owner,facilities
big windows lots sunlight incredible views sides refreshing stay,location
also found amenities comfort needed practical yet homely kitchen socialcommunal space comfortable bathrooms iron course comfy beds,facilities
garden bookshelf swing aspects make stay especially personal special,facilities
friendly nice happy see us welcoming supportive enjoying wonderful people,cleanliness
stands spectacular city views two large balconies modern amenities,facilities
comfortable apartment great view friendly host,facilities
rezi helped getting local sim cards drove us required location checkout,location
amazing stay apartment necessities host extremely friendly welcoming fantastic stay rezis place,cleanliness
incredible views complete set little things help everyday life lot space,location
apartment looks like pictures clean spacious modern amenities,facilities
location downsides heavy traffic work view terrace makes inconvenience,facilities
internet worked surprisingly well,facilities
house spacious clean beautiful view big plus monitor came handy work,facilities
house everything comfortable stay,facilities
well equipped apartment lovely terrace great location enjoyed stay nice place get rest get catch computer work good restaurants around,location
place relaxing good kitchen,facilities
apartment spacious everything needed stay,facilities
overall highly recommend apartment anyone looking comfortable convenient place stay,facilities
terrace absolutely beautiful apartment clean spacious,facilities
complaints towels provided stiff beds comfortable otherwise would highly recommend place,facilities
great balcony perfect view everything nice apartment equipment great apartment gorgeous terrace loved place fantastic place,facilities
big open spacious living room ac everywhere nice comfy bedrooms course star attraction patio incredible,facilities
thank making stay beautiful superb place,location
breakfasts enjoyable huge terrace fabulous view,facilities
one equipped airbnbs ever stayed around world,facilities
coffee tea plenty water,facilities
roomy clean beautiful marble bathrooms,location
ignore nondescript lobby building enjoy apartment view,facilities
view nice day night,facilities
location also good close metro convenient store minutes walk,location
beautiful view place perfect beautiful mountain view windows private long balcony modern aestethic style,facilities
two main issues one good cafe min walking radius place min drive distance active live sights stores cafes resturans awesome place stay lived weeks,location
wonderful view balcony,facilities
flat quiet view balcony breathtaking,facilities
apartment spacious warm everything one may need,facilities
view mountains magnificent,facilities
wonderful apartment location,location
work home happy internet connection,facilities
living room cosy even winter thanks gas heating,facilities
springsummer enjoy view kitchen even better,facilities
building site next door moment start morning,location
cozy wellequipped,facilities
course view,facilities
fully equipped small cozy apartment absolutely everything even,facilities
really liked full kitchen oven bathtub interesting interior design,facilities
lovely apartment beautiful location,location
amazing view window,facilities
apartment equipped necessary amenities stay even long periods,facilities
many cozy details apartment,facilities
light clean quite,cleanliness
internet good speed network open,facilities
everything need live even clean comfortable,facilities
beautiful view windows,facilities
lift couple minutes walk away,location
place comfortable,facilities
good pricevalue rate comfortable bed overall quite nice apartment,facilities
mins slope possible go ski boots,location
floor need replaced,cleanliness
need use taxi restaurants spa ski rent mini market close building,location
great recommended decent space close first lift transportation,location
beautiful apartment exciting views window,location
great apartment nice location,location
views windows apartment outstanding,location
one amazing places ive peaceful beautiful,location
host friendly responsive awesome view unique design,facilities
mikha super responsive friendly welcoming,cleanliness
comfortable apartments perfect location,location
really nice staying elenas place view amazing great location views flexible checkin wonderful apartment beautiful view everything need,facilities
near small korean restaurant many grocery stores,location
really fantastic space truly unbeatable view outdoor space,facilities
looks like photos great location easy access anything youd need well public transit,location
fabulous place terrace amazing views city especially night,location
number firework displays wonderful views,location
lots shops restaurants doorstep decide visit old town,location
ask natia introduce irakali organise car driver private tours wonderful sites outside tbilisi reasonably priced,location
wonderful terrace,facilities
plus side location perfect,location
one beautiful airbnbs stayed city lovely hang beautiful terrace light living room area,location
area offers lot good restaurants everything else need close nice walk old town,location
building seen better days apartment spacious immaculately clean open wellstocked kitchen terrace view make apartment special place stay,facilities
great stay super easy clean good location definitely recommend place amazing,location
seemed touristic location,location
lot places shop eat fun walking distance,location
perfect apartment perfect location tbilisi recommend place,location
great view,facilities
clean apartment,cleanliness
right next park,location
cozy spotless apartment wonderful district tbilisi,cleanliness
beautiful nice place stay flat fully corresponds photos provided website,location
location view balcony amazing,facilities
beautiful apartment aleksandra responsive friendly,location
good apartment well maintained clean cozy comfortable mattresspillows,facilities
beautiful panoramic view tbilisi city shared terrace,facilities
decent internet speed,facilities
ideal couple days stay great experience lovely place best terrace best view,facilities
located close rustaveli avenue convenient,location
bit uphill walk views worth,location
beautiful panorama tbilisi worth visit particular apartment,location
checkin straightforward time room clean well equipped,facilities
everything quite near reached foot,location
terrace fantastic,facilities
cosy nice place good view host,facilities
decent location clean comfortable apartment,facilities
really liked proximity swimming pool park groceries,facilities
location nice overview window really beautiful,location
accurate cozy apartment beautiful mountains sunset view comfortable neighborhood,facilities
endless hours checking good airbnb found beautiful apartment tibilisi fell love,location
location apartment convenient need pharmaceutical supplies groceries bus station literally mins away,location
overall perfect best place live tbilisi best view pleasant host quiet district,facilities
incredibly cozy warm vibe,facilities
amazing view,facilities
cleaning week amazing,cleanliness
alexandras place beautiful neat,location
park really nice peaceful right front building,location
close center nice view,facilities
comfortable air conditioning amazing stay,facilities
perfect location super clean pictures great time aleksandras place,cleanliness
terrace comfortability view amazing,facilities
apartments clean cozy,facilities
highly recommend staying balcony adds charm,facilities
place clean convenient people ages,cleanliness
travelled elderly parents hard time walking amazing stay place accesible lift fit people,location
pictures exactly person view balcony outstanding,facilities
location convenient food grocery stores nearby busy noisy youre staying old town area,location
million stars good place tbilisi apartment comfortable irakli grate host,facilities
apartment beautiful people group everyone loved,location
need airport transfer private tour cant recommend enough,location
nodar nodars apartment beautiful,location
views apartment stunning,location
location convenient everything within minute walk,location
host ws friendly rooms well maintained beautifull view,facilities
host excellent accommodating check check times much earlier originally thought would leave wonderful location lot short ride old town,location
great apartment beautiful views city,location
amazing apartment breathtaking views,location
plan come georgia want relax stay one beautiful places tbilisi sarahs place recommendation,location
zurab really great host offered recommendations area lovely apartment beautiful mountain view even offered us lift airport,facilities
amenities exact felt comfortable staying zurabs place nights,facilities
view balcony amazing see mountains river kura,facilities
security house tight building safe,location
airbnb stay panoramic view great location exceptional experience,location
convenience metro close allowed easy exploration citys attractions vibrant neighborhoods excellent dining options,location
meticulously maintained beautifully decorated space coupled hosts zurab friendliness helpfulness made feel home added overall enjoyment stay,cleanliness
location cleanliness house good,cleanliness
stay next time go tbilisi,location
modern spacious sometimes quite challenge find georgian capital,facilities
internet fast responsive well equipped kitchen pretty much everything need cook meals,facilities
expansive balcony nice addition,facilities
less minutes away metro,location
km away old town abanotubani,location
enjoy nice mountain view room,facilities
great place picturesque mountain view,facilities
aga made sure safe peace first day even due confusion still went way help,location
absolutely stunning view stunning easy walk ski lift restaurants close,location
definitely back next snow season,location
thank dear honesty everything x aga friendly welcoming host fastest responses host weve ever,cleanliness
apartment new modern cozy amazing view,facilities
bed comfortable,facilities
kitchen fullyequipped even washing machine,facilities
short walk ski slopes well restaurants like drunken cherry spar convenience store,location
perfect location paired perfect comfort made unforgettable stay,location
super apartment great views,location
beautiful apartment short walk many restaurants slopes,location
peaceful check inout really easy,location
nice apartments great terrace,facilities
location fantastic,location
best place ive ever visited like apartment great place responsive host big terrace,facilities
giorgis apartment great spacious clean amenities washing clothscookingairconditioning amazing view balcony specially night,facilities
amazing view host,facilities
absolutely stunning loads useful amenities view,facilities
interior decor well kept rooms ample space amenities,facilities
house even better photos provided like cozy castle near tbilisi,location
everything inside outside house extremely clean welldesigned new,cleanliness
birthday party went smoothly house great clean large number bedrooms,cleanliness
beautiful comfortable house needed facilities gorgeous mountains river view,facilities
beautiful place kakhetia near tbilisi get taxi city,location
cozy stylish cottage house spent pleasant time,facilities
would recommend cozy beautiful place everything need,location
nice view terrace,facilities
great view comfortable bed,facilities
house clean view awesome,facilities
cabin super cozy clean beautifully designed view mountains amazing sit terrace beautiful garden,facilities
definitely come back next time,location
view window amazing,facilities
also room high ceilings good bed clean bathroom kitchen full useful kitchenware,facilities
wonderfully located foot stairs botanical gardens b able walk many sites restaurants straight door step,location
flat simply gorgeous one bedroom flat great amenities reliable wifi cold ac hot tbilisi days particularly appreciated,facilities
peaceful home away home yet close old city,location
apartment felt right home view kitchen table something stay home,facilities
area great right old tbilisi close nice bars restaurants sights away touristy areas,location
great place super great stay peaceful home great view,facilities
situated walking distance restaurants landmarks wanted visit,location
mariami helpful communicatieve thanks felt comfortable secure,facilities
terrace particular amazing,facilities
wonderful flat perfect location easy communication thanks million,location
lovely place suitable couples beautiful view thats marvelous apartment marvelous host,facilities
excellent host amazing house big place comfortable environment amazing view big balcony,facilities
comfortable cozy beautiful apartment,location
nato perfect host visited natos apartment described spacious clean cozy especially warm lighting place well furnished short long stays,facilities
great view mountains city,facilities
nato friendly polite welcoming smooth communication,cleanliness
jikia house well developed neighborhood various stores coffee shops cafes coworking etc,facilities
metro station min walk,location
peaceful place everything need meters radius delicious bakery supermarket pharmacy,location
apartment comfortable peaceful great view mountains,facilities
apartment nice spacious cozy,facilities
beautiful city view everything nearby shops minutes metro station minutes supermarkets minutes,location
apartment cozy fully consistent photos,facilities
amazing huge house great view jinvali lake,facilities
kitchen stone fireplace ground floor,cleanliness
kitchen equipped everything may need sparkling clean cozy,facilities
panoramic windows first upper floor enjoy view lake mountains,facilities
kitchen also faces lake enjoy view even washing dishes cooking breakfast,facilities
terrace huge nice cup coffee sitting,facilities
local shop within minutes walk spar little farther dont use main road use local road walking theres traffic,location
ketino wonderful host brilliant property great location explore georgia nice view great place stay family days,facilities
view lovely,facilities
place min away historic old city car,location
one best places stay tbilisi apartment spacious clean wellequipped host professional easy going,cleanliness
look exactly like pictures super clean well decorated,cleanliness
spacious rooms well equipped,facilities
definitely stay next time visiting tbilisi,location
georgesxaplace perfect location easy get around public transportation,location
place great clean everything need,cleanliness
amazing panoramic sunset view incredible,facilities
big beautiful apartments wonderful location,location
cozy nice place,facilities
amenities provided place extremely clean great home big group,cleanliness
house three floors big kitchen ground floor ladies loved kids enjoyed space play around,cleanliness
one thing consider little away form ski lift admin orders car onceonly visit area,location
private place recommended large group enjoy without disturbance,location
great apartment plenty room balcony large wonderful views,location
neighbors little loud young child aware loud went bed,facilities
overall great apartment great location,location
apartment great featuring amazing view balcony hot tub wanted,facilities
everything clean,cleanliness
stay nice quite calm location yet close city center vake district,location
great terrace view would definitely book wife brilliant time staying apartment,facilities
even got witness new years firework display balcony amazing,facilities
nice looking apartment amenities place definitely pleasure stay,facilities
view balcony astonishing,facilities
great place stay amazing views night,location
spacious washer perfect long stay,facilities
apartment modern bright clean spacious calm best view windows,facilities
right next house beautiful path turtle lake picturesque views,location
loved location hill loved apartment,location
ninos loft stunning views cityscape rolling hills beyond,location
well worth heading hill vake clean well equipped sunny quiet refuge,facilities
min walk hill,location
easily get food groceries delivered,facilities
nino great host location amazing,location
nice place unbeatable view,facilities
great host great location great accomodation,location
loft super spacious th floor end street house nature really nice,cleanliness
nice cosy cottage area georgia get experience real local feeling,location
cottage great view enjoy communication host perfect super helpful recommendations entire vacation georgia,facilities
amazing place picturesque view,facilities
beautiful cottage amazing scenery lake sioni,location
perfect group outings camping keep mind remote area bring food drinks,facilities
exceptional location,location
didnt spend lot time great rural view wake,facilities
cozy location stunning night city view,facilities
flat big spacious great view tbilisi amd big terrace friendly cats,facilities
flat clean well equipped,facilities
great view overlooking city,facilities
really liked view window apartment,facilities
everything need comfortable life,facilities
accommodation separate building spacious clean,cleanliness
great relax terrace evening regardless weather time day cats came visit us time time liked far go center mountain often went back taxi,facilities
apartment everything long stay clean tidy,cleanliness
great balcony perfect views walkable street lots restaurants metro station,location
amazing night view city,facilities
apatment cozy comfortable wasnt happy stay several reasons control hosts,facilities
appartment located nice area mini market right building kids playground lots trees wich creating shade,location
shops walking distance,location
evenings enjoyable sit balcony mountain view,facilities
appartment extremely clean bright nice,cleanliness
apartment luxury residence,facilities
apartment fully equipped,facilities
felt like high end hotel tidy lovely place equipped everything need,facilities
nice modern place great view satisfied everything,facilities
cosy room great view,facilities
comfortable work kitchen balcony,facilities
terrific apartment high floor new building great terrace,facilities
thank warm welcome cozy apartment middle vake,facilities
excellent location great view convenient checkin checkout host kind caring comfortable small apartment everything need living,facilities
clean nice apartment incredible view,facilities
great neighbourhood department stores close vicinity restaurants parks open spaces,location
location quiet clean spacious great views city,location
centrally located shopping good restaurants site seeing,location
great stay would recommend apartment location,location
comfortable parking,facilities
fireplace flat priceless lot good evenings near,location
spacious sunny apartment,facilities
apartments clean good location,location
flat located best part tbilisi easy access infrastructure,location
beautiful view sunset mountains park,facilities
excellent location large supermarkets cafes near park main street lot shops,location
comfortable two,facilities
accommodated stay last minute apartment spotless,cleanliness
first choice next time im tbilisi nice apartment allright,location
awesome view,facilities
spacious quiet,facilities
view revealing nearby hills simply awesome,facilities
apartment clean good morning view window,facilities
everything nice except cold turned heating,facilities
constructed quite strange could hear children half night good cozy clean apartment,cleanliness
great view balcony,facilities
spacious apartment,facilities
apartment everything comfortable stay,facilities
great location friendly people definitely recommend,location
thanks stanislav members team sojourn comfortable,facilities
hostel great view great location,location
pros location great,location
common living space nice great views city,location
took family room comfy double bed ample furniture couple including working desk one couch,facilities
great stay diwan amazing shared space breathtaking view city,facilities
beautiful hostel big comfortable rooms huge living room kitchen great view,facilities
soo nice place soo clean love soooo much good host big modern flat vintage room,cleanliness
location best dozens restaurants parks big supermarket right backyard,location
perfect location locate opposite psh convenient couples register marriage,location
room clean nice,cleanliness
wonderful super cozy place stay,facilities
beautiful balcony amazing view,facilities
everything need like shops restaurants mins walk,location
wonderful bright spacious apartment beautiful antique furniture piano,location
located center next old town rustaveli street,location
perfect large family bedroom balcony kitchen everything need,facilities
loved bright sunny rooms green trees window location,location
walk sulfur bath area doable flat,location
weve stayed places technically closer difficult walk hills apartment makes easy walk area,location
also grocery stores close small playground back nice park bigger playground little street,location
also easy get taxi location,location
spacious apartment big family,facilities
well furnished well equipped long stays,facilities
centrally located,location
perfect communication nino friendly welcoming host,cleanliness
cozy place,facilities
amazing views location clean clear communication,cleanliness
beautiful view river good access supermarket city,facilities
place amazing great view tbilisi mountains river,facilities
apartment clean cozy everything needed,facilities
good accomadation good view,facilities
thanks cozy apartment stunning panorama view tbilisi,facilities
host welcoming friendly id definitely recommend,cleanliness
great view breakfasts balcony beautiful,location
thing comfortable bed inga helped buy buying additional mattress,facilities
view flat amazing inga helpful many languages,facilities
flat bit small like dont mind sleeping main room kids days use flat mostly sleep wake view city cannot beat value,facilities
great location ski directly chairlift beautiful view,facilities
room basic clean,cleanliness
apartment location great,location
convenient lovely view,facilities
thanks hosting dimas kind thoughtful host f place modern boutique hotel english speaking personnel concierge taxi wifi restaurant spa,facilities
place lovely located mountains stunning views,location
house perfectly clean host takes care small details make stay comfortable unique,facilities
great views nature house spacious clean wellfurnished,cleanliness
beautiful villa,location
equipment clean stylish,cleanliness
iconic view close batumi,location
house super beautiful cozy whole area picturesque right windows see mountains forest river panoramic bedrooms pleasure,location
addition restaurant maisi belongs accommodation simply brilliant seasonal regional food modern twist,facilities
cabin truly best view kazbegi,facilities
cabin huge windows mountains across valley fill entire view,facilities
great view good weather good service excellent,facilities
apartment beautiful view like shown photos,facilities
aware transportation least us convenient option bolt apartment located bit far sights old town,location
nearby reach supermarkets local markets min walking distance,location
great views clean cabin,cleanliness
fantastic view cozy little stay,facilities
husband comfortable whole time,facilities
nice view,facilities
cows horses often visit evening potholes puddles road important using car,location
place super cozy location best david responsive supportive,location
great place view unbelievable one best mornings look outside window breathtaking,facilities
cabin cozy clean got everything need,cleanliness
one special attraction bunch cows walking lime mountain fields evening,location
beautiful cabin best location overlooking mountains,location
david great host place clean arrival,cleanliness
unforgettable experience really enjoyed place see mountains river walked around beautiful local area feel something impossible describe,location
view amazing house beautiful clean well equipped kitchen maybe comfiest bed ever lots nearby good restaurants,facilities
sweet place great view borjomi,facilities
cosy uniquely decorated absolutey stunning view overlooking borjomi,facilities
described welloutfitted charming apartment responsive organised host,cleanliness
incredible view location,location
strongly recommend renting car possible walk beach couple restaurants cabin walks far often roads small shoulders,location
stunning air bnb cosy view beautiful,location
enjoyed views alone hill,location
place built really beautifully really warm even cold night comfortable spend time,facilities
koba super friendly helpful loved views terrace bedroom amazing view clean house owner house touch wifi nice neighbors invited us visit koba friendly great host excellent hospitality,facilities
drove us main road cabin plucked gave us hoard fresh oranges garden also asked us feel free grab take back home,facilities
view excellent cabin pristine clean well maintained,cleanliness
internet amenities good,facilities
wonderful weekend getaway destination hours away tbilisi minutes borjomi,location
location stunning placed small rural village surrounded beautiful meadows picturesque mountains,location
place modern wooden building everything may need even scale cozy fireplace various kitchen utensils highspeed wifi sauna,facilities
kitchen well stocked,facilities
bed comfortable water hot,facilities
great place minutes outside town mestia want privacy little cabin,location
nice location perfect view neighbours ksenia shes friendly women great host house amazing beautiful view nice furniture design beautiful cozy placehighly recommended amazing thing house nature around,facilities
huge beautiful mountains lot stars night,location
cottage inside comfy cozy happy netflix tv would happy stay place recommend friends,facilities
amazing view smart welldesigned house,facilities
really fast mobile internet mb,facilities
cozy apartment fantastic view beautiful mountains,location
beautiful house,location
house clean new furniture,cleanliness
amazingly detailed terms guest would need location,location
kitchen washing machine even barbecue micro detailed,facilities
spent great days ksenyas house beautiful view comfort,facilities
host nice nice nice great peaceful place amazing place better get big suv last kms terribly bumpy small cars break specially raining,location
fabulous place take rest cottage bumpy nice cozy quiet place great,facilities
place nice cosy,cleanliness
great view quiet,facilities
beautiful views morning,location
views absolutely stunning even better person,location
villa spacious clean,cleanliness
definitely best accommodation mestia area,location
apartment amazing beautiful views,location
best location batumi,location
apartment clean amenities need,facilities
amazing view lovely host,facilities
location convenient many shops vicinity near beach,location
watching sunset balcony must,facilities
everything good great place stay right beach road great views good walks restaurants within easy distances,location
idyllic escape mostly removed wifi cell service surrounded majestic everchanging nature mountains clouds wildflowers cows horses sheep,location
aykuts dome provides rest sustenance simplicity focus daily basics beautiful remote location nothing unless want go hiking mountain biking trail running dip river andor yoga deck,location
blows mind people dont go discover area sense makes special,location
place cozy clean electricity coverage made stay special truly disconnect rest charge power bank aykots grandmas house near dome,location
love black sea region place highlight trip region,location
dome felt cosy safe well designed amazing views interior exterior,location
garden relax comtemplate enjoy swing make barbecue make fire night watch sky full stars,facilities
walk surroundings pass villages,location
last morning gorgeous view clouds lake could larger clearer view village min walk dome,location
aykut great person friendly best make feel comfortable,facilities
amazing views route felt good experience,location
cozy light chalet amazing view sea,location
unbeliavable views clean cozy house,facilities
new beautiful amenities beautiful terrace equally beautiful view super quiet relaxation detox work,facilities
think definitely come thank much hostess amazing place nice view,facilities
althought place centrally located great views balcony negative things wed like point host mention description building still contruction appartments still renovated thus could hear drilling hammering every also walls rather thin could hear neighbor cooking,facilities
also shower drain clogged thus flooded bathroom every time took shower,cleanliness
cozy apartment great location,location
view balcony magnificent,facilities
great place amazing view stadium sea,location
outstanding view balcony,facilities
checked girl admired view good time together apartment convenient pleasant located,location
quite good especially view cold tent even heat gun,facilities
amenities luxury tent,facilities
excellent food,facilities
great place awesome location,location
stunning views peaceful atmosphere,location
really nice place relax,facilities
restaurant tasty food delicious vine,facilities
good beach mountain river minutes,location
studio located new modern family house exceeded expectations every way,location
host incredibly welcoming accommodating making sure everything needed,cleanliness
space clean comfortable beautifully decorated,facilities
location convenient easy access transportation nearby attractions,location
highly recommend airbnb anyone looking cozy enjoyable stay,facilities
place good guest house nice clean modern spacious room,facilities
far city centre mins taxi close train station mins taxi,location
nice views city,location
overall stay ok caring touches eg one towel small shower mat stand bathroom slippery toilet brush next toilet guest house could extremely good,location
would recommend anyone put plug wall connect air conditioning cozy house beautiful view pleasant owner,facilities
centered around beautiful breathtaking kazbegi mountain ranges god jesus made,location
room middle mountain amazing view,facilities
felt comfortable,facilities
really good equipment kitchen hut,facilities
view amazing,facilities
comfortable comfortable,facilities
everything nice location around many cottages good bring food drink area smell bathroom think coming drainage line thing bothers views cottage amazing absolutely worth stay,location
also funny smell bathroom,cleanliness
cabin right need kitchen equipment make hot coffee noodle soup night feels cold view breathtaking many good restaurants within walking distance basically city centre quieter area,location
nice comfortable house amazing place,facilities
small cozy cottage everything need,facilities
kitchen bathroom accessories well everything need comfortable stay find cottage,facilities
special attention paid spectacular views mount kazbeg,location
incredible views morning day evening guaranteed,location
really nice house beautiful view,facilities
amazing view absolutely breathtaking needed amenities gym pool building,facilities
good experience nice warm flat great sea view,facilities
cottage idyllic view felt like dream want wake,facilities
place brand new warm cozy giorgis place honestly best place stay area,location
views unbeatable,location
cabin new clean beautiful comfortable amenities would need,facilities
heating wifi reliable,facilities
best thing course view second best warm inside,facilities
apparently thats rare thing find airbnbs georgia winter everything great cozy comfortable,facilities
cozy chalet friendly host stunning views,location
super service amazing people site recommending tago camping friends,location
fake jeeps x true worth go amazing views delicious local food pure nature comfortable tents,facilities
clean good service serviable staff good food,facilities
great hospitality amazing place relax even weather good,facilities
great time staying lovely common area spend time friends cosy vibe,cleanliness
good value money room clean tidy,cleanliness
hosts helpful well great view cozy rooms terace cherry top happy stay,facilities
beds comfortable good quality mattresses nice bed sheets,facilities
place clean,cleanliness
also well located close main street many restaurants,location
cosy near center amazing rooftopterrace common area,location
amazing public area cosy huge windows amazing view mountians,facilities
good bathroom peaceful place stay,location
scary experience reach location,location
host reluctant share location,location
asked wait near spar supermarketabout kilometers away someone pick us cant share exact location,location
reached kilometer asked park car construction going oni didnt see work person informed us location kilometer away carry bags,location
location house communication host excellent,location
unique view great architecture,facilities
apartment well located really nice beautiful view,facilities
wifi fast around mbps,facilities
also heating works perfectly really nice,facilities
construction going building front apartment work around hear much especially balcony windows closed,facilities
also water pressure bit low water didnt get steamy hot definitely comfortable showering level,facilities
apartment top floor nice building th floor elevators available,cleanliness
nice balcony great view sea,location
overall clean fully functional kitchen comfortable bed studio design,facilities
good ac also heating,facilities
location unbeatable always stay around area central boulevard lake city squares min less walking,location
good location nice enough,location
sea view,facilities
close beach,location
salomes place spacious wellmaintained equipped everything might need short stay,facilities
balcony enjoy views sea well mountain,location
everything cool great apartment clean bright,cleanliness
best place kazbegi chill clean open calm great home great location alex really super host thank great experience see next year great place highly recommend best getaway city hustle place surprisingly clean especially amount towels linens perfect,cleanliness
strongly recommended best place relax enjoy view weather,facilities
lovely place breathtaking views,location
exactly kazbegistepansminda listing says wanted near restaurants sort,location
house located peaceful place stunning surrounding landscapes,location
spend time cozy yard watch scenery balcony,facilities
beautiful house full charming details antique furniture,location
thing house quite prepared arrival heating boiler started small problems everything quickly eliminated,facilities
super cold hall hours later comfortable,facilities
recommend right sea close hotel use swimming pools fee,facilities
house minutes drive batumi close sea lovely green garden,facilities
accommodation nice cabin farm possible taste local food garden,facilities
farm beautiful environment mountains place ideal starting position hiking adjara mountains,location
stay new beautifully located aframe cabin gvantsa family unforgettable us,location
place takes high level calm relaxation arrived slope road immediately met car taken top mountains,location
view windows housing pick words exciting,facilities
advise everyone cool place relax walk,location
beautiful place nice generous people nice comfortable house great sleep cozy bed,facilities
description says fireplace barbecue area end turned one place indoors fry barbecue fireplace amiran host found us device could fry meat street,location
room clean good view,facilities
walk restourants shops,location
cleaning lady,cleanliness
great place good view black sea,location
easy checkin process lockbox near door,location
really enjoyed stay balcony view beautiful,location
would definitely recommend staying rental thank nice clean room,cleanliness
apartment clean comfortable well equipped,facilities
clean apartments beautiful view exceptional location friendly host flexible booking conditions tina one responsive hosts ive many incredible recommendations super hospitable,location
airbnb cozy view pretty toobest time look outside early morning full moon waves high pretty ofc night time lights nice,facilities
place cool view breathtaking,facilities
excellent location clean apartment wonderful host orbi apartment hotel located within walking distance many tourist attractions batumi,location
great deal also nice excellent view location,location
right near everything,location
apartment beautiful views across beach city,location
clean comfortable room beautiful view sea,location
bed best part suuuper comfortable,facilities
loved feeling like local sleeping mountains wonderful guesthouse lovely host excellent food,facilities
good truly authentic rustic experience cottage really cute surrounded wild flower fields mountains,location
room nice comfortable,facilities
stepantsminda hour walk foot though waterfalls sno quite close,location
studio top floor hostel,cleanliness
apartment clean nice interior,cleanliness
grocery store nearby minute walk center,location
loft spacious clean everything friend needed,cleanliness
comfortable bed new bathroom nice public space house kutaisi dont look anything else beqas accommodation really nice everything nearby,cleanliness
nice clean apartment one carefully read description booking absent fridge air conditioner may confuse,cleanliness
building located minor road wont get disturbed traffic noise,location
yet far away center,location
amazing clean apartment breathtaking view,facilities
nice place stay beautiful apartment beautiful place,location
beautiful apartment set near beaches stores restaurants,location
nice place good location apartment clean cosy spacy,cleanliness
quite close beach,location
host left us clean aesthetic condition,cleanliness
lived th floor great view beautiful balcony room everything need room quite clean,cleanliness
well organized apartment high quality furniture beautiful view nearby roofs,facilities
nice place staying batumi great location exploring city friendly owner,location
excellent mountain views,location
delicious food tasted georgia,facilities
wanted enjoy countryside views feel real life village fun helping amiran wife different physical works collecting tobacco leaves hanging let dry chopping firewood,location
wonderful location amazing views,location
lovely family good food amazing views nice sunny room,location
worthwhile places enjoy food wine people,facilities
everything amarins fresh family accommodating hospitable,cleanliness
land beautiful property comfortable views surrounding valley especially outdoor dining structure meals served,facilities
perfect spot discover mountains bathroom needs refurbishment otherwise clean sweet home amazing terrace loved,facilities
feels remote tranquil close town centre ski lift,location
loved coffee porch morning watching birds lighting wood burning fireplace rainy days campfires evening,facilities
able cook basic meals able work using wifi,facilities
highly recommend stay visit beautiful mestia,location
place really cosy next center wonderful environment,location
heaters keep warm well lofts mountain view make great sleep,facilities
eco hut warm cosy,cleanliness
beds clean comfortable,facilities
quick walk town ask nariman giorgi shortcut,location
apartment clean comfortable equipped amenities close beach grocery stores,location
view sea batumi boulevard absolutely stunning,location
sat many evenings balcony tea enjoy sunset,facilities
cooking happy kitchen well equipped,facilities
location cant beat unless parties andor music playing beach,location
kept us awake bars closed,cleanliness
moment step inside eyes captivated breathtaking views black sea batumi skyline,location
location also perfect easy access beach local attractions,location
amazing restaurant top floor building,cleanliness
apartment stunning sea view fivestar experience start finish,facilities
location great steps away beach apartment clean modern fully equipped,facilities
host incredibly helpful responsive ensuring comfortable stay,facilities
views balcony breathtaking panoramic view ocean,facilities
apartment spacious modern amenities could need comfortable stay,facilities
location perfect close beach many great restaurants shops,location
building amazing stories restaurant top floor mustvisit well,cleanliness
first live apartment perfectly clean new furniture smells new everything works perfectly,cleanliness
view perfect sides,facilities
hall direct sea table,location
side view overlooks boulevard swings,facilities
hot front balcony hide shade,facilities
th floor due fact nothing blocks view th floor,cleanliness
recently renovated perfect cleanliness,cleanliness
panoramic windows million views,location
see sea city sunset took gorgeous stories instagram comfortable sofa mattress good rest,facilities
apartment stuffed everything required short extended stay amenities place,facilities
good location close promenade minute walk old town still quite gorgeous sunsets balcony,facilities
problems internet,facilities
kristina responsive reliable electrical kettle broke new one delivered doorstep minutes texted,location
great place stay highly recommend well maintained apartment,cleanliness
con location nice apartment easy communicate everything needed snd kristina super kind letting us leave luggage apartment checked,location
felt like apartment dream great planning view great place fast friendly communication host,facilities
nice clean apartment good value money,cleanliness
lovely place stay borjomi likiani located peaceful area minutes walk entrance national park multiple hiking routes,location
everything exactly photos plus fire pit next cabin tables chairs use terrace,facilities
easy get regular car,location
cute cozy place,facilities
view clean tidy wagon mountains great view,facilities
located hill town amazing view,facilities
house clean tidy,cleanliness
gorgeous breathtaking view kazbegi mountain,facilities
nice location house perfect view easily taking photos church time sunrise sunset see room evening,facilities
really enjoyed stay house big functional kitchen common space beautiful terrace room temperature december quite comfortable great place wonderful view great place exactly described,facilities
th floor wow,cleanliness
rumors fantastic view,facilities
building located amazingly steps away gondola lift,location
clean seems bigger irl pictures nice surprise,cleanliness
loved amenities view amazing,facilities
mins walk away gondolas lots restaurants nearby,location
nice bright apartment close restaurants market cableways,location
apartment sparkling clean,cleanliness
view balcony fantastic,facilities
location view balconies apartment clean equipped required tools enjoy stay,facilities
amazing hosts convenient apartment city center great view sea,location
stella responsive seashore close flat clean everything expected amazing experience great host stay absolutely brilliant,cleanliness
fully equipped apartment extremely nice host,facilities
great stay apartment matches description ad recommend everything great apartment clean good located comfortable,facilities
markus place absolute dream perfectly middle nowhere whole place q lovely garden,facilities
surrounded cornfields animals,location
new modernly equipped,facilities
beds amazingly comfortable seldom enough georgia airbnbs,facilities
kitchen stocked everything need pans pots perfect condition,facilities
terrace back balcony upper floor small terrace front,facilities
comfortable arm chairs nice shower,facilities
internet works fine,facilities
markus family amazingly welcoming top,cleanliness
perfect getaway place surrounded mountains rivers natural landmarks hour drive away,location
without car nana helped us get around even drove us shovi resort,location
even didnt desire explore surroundings comfortable stay excellent gorgeous great difficult find enough epithets describe amazing cottage definitely one favourite stays airbnb,location
house located picturesque place amongst cornfield facing mountains able look shoda hammock,location
cottage spacious high ceilings floors terraces,facilities
beds comfortable enough space big companies families,facilities
kitchen equipped everything may need coffee maker sandwich maker stove even oven,facilities
river swim within minutes walk,location
especially miss beautiful jessie cute smart dog really recommend house,location
superb hosting fantastic location spectacular views,location
house spacious kitchen everything need comfortable beds,facilities
assistant nana met us helped us buy fresh meat firewood,cleanliness
one day took us forest mountains along way stopped admire views,location
looking super comfortable place solitude nature need,facilities
guest amazing liana always touch us lot fun recommend liked everything good location great view balcony,facilities
view incredible place described,facilities
apartment clean picture,cleanliness
place clean necessities night stay,cleanliness
comfortable place,facilities
good place stay also good view sea,location
clean cosy apartment,cleanliness
perfect view,facilities
location best overall batumi,location
great apartment comfy beds beautiful view great place stay perfect location sea view close center,location
apartment equipped everything long terms stay,facilities
conveniently located next sea,location
great cafe ground floor,cleanliness
apartment equipped necessary amenities long stays,facilities
everything need nearby beach minutes away,location
clean air,cleanliness
svetlana always touch met showed us despite late arrival great apartment great view sea close,location
convenient location close shops transport sea minutes away,location
high floor quiet great view batumi sea,location
absolutely loved breathtaking sea view balcony took pleasure leisurely strolls along waterfront,facilities
sunsets beach truly magical,location
moreover location incredibly convenient easy access supermarkets stores restaurants,location
kitchen although situated downstairs room essential amenities except vegetable peeler colander sharper knives,facilities
cleanliness entire place commendable shower worked perfectly,cleanliness
dont mind kitchen downstairs especially enjoy cooking frequently highly recommend place,facilities
great stay walking along waterfront enjoying beautiful sunsets,location
location convenient stores agrarian market restaurants etc,location
kitchen downstairs clean spacious well equipped,facilities
rooms quite spacious view sea front room amazing,location
really meters beach,location
yes actually sea,location
room nice bathroom ac wifi course,facilities
also public kitchen first floor could cook food,facilities
elizavetas apartment exactly shown photos clean bright,cleanliness
location great seashore pretty near elizaveta nice helping host,location
like places go georgia stay pretty small apartment basically everything needed washing machine coolingheating ac small fridge lot various kitchen utensils dishes microwave small safe hanger dryer hair dryer two sets towels,location
apartment faces similar building since building shifted back beach youll wider view towards sea balcony,facilities
fitness center closed pool doesnt towels water cooler anymore next building currently costs laris per month,location
also pretty large carrefour supermarket two three blocks away,location
thanks georgiy perfect host im little bit disappointed public kitchen,facilities
amazing views batumi cozy conveniently located comfortable apartment everything may need,facilities
nice friendly host helped find location answered questions,location
clean place near beach quite far away city centre,location
great location nice space especially balcony,facilities
vibe really cosy place amazing hosts delicious food couldnt ask keti giorgi made night,facilities
whole floor beautiful forest mountain view terrace provided guests,facilities
kitchen fridge shared,facilities
location perfect exploring delights kakheti everything within easy driving distance,location
provided us tons local recommendations gave us food tea wine right backyard,facilities
family made us feel home right away,location
house cosy balcony overlooking garden full flowers forest,facilities
breakfast kati made amazing showed us georgian hospitality looks like,facilities
great spacious flat beautiful sea view,facilities
entrance elevator bit adventurous flat clean cozy,facilities
car made day trips easy find parking lot right front building,location
lots things walking distance,location
beautiful place immaculately clean brilliant location,location
location excellent central near everything transport shops etc,location
apartment top floor amazing unobstructed views sea promenade,location
place modern clean well equipped,facilities
elevators available last floor done stairs,cleanliness
good location great views,location
amazing sea view located promenade supermarket building,location
apartment spacious clean,cleanliness
enjoyed staying amenities place,facilities
living space comfortable necessaries,facilities
live cabin surrounded mountains,location
theres common room kitchen make dinner ordered form hosts excellent chance taste real georgian cuisine,facilities
aleqsandres cottages encountered piece beauty tranquility surrounded breathtaking views georgian mountains changing colors almost every hour thus making even magical,location
spent two beautiful weeks walking hiking reading resting enjoying life,location
cabin great view wushuba snow mountain,facilities
property clean hosts friendly helpful,cleanliness
nice location neat clean,cleanliness
really nice apartment well equipped may need comfortable stay,facilities
everything perfect comfortable,facilities
excellent house location view,facilities
amazing view kazbegi mountain superior location supermarket traditional georgian bakery nearby,location
close batumi boardwalk,location
blocks away carrefour,location
many small stores restaurants within walking distance,location
hes always welcoming friendly always touch helps issues,cleanliness
perfect hotel good view great location nice apartment,location
comfortable room near sea,location
number hour markets located nearby well cafeteria restaurant,location
great view location overall recommend nice stylish place great view balcony th floor friendly host,cleanliness
great location beautiful view cozy room great place stay,facilities
near shops everything need life,location
stayed green apartment week felt comfortable,facilities
location th floor briefly need getting used especially view balcony great,facilities
plenty space everything super organized clean,cleanliness
